<?xml version="1.0" encoding="utf-8"?>
<ApplicationInstallerManifest>
   <DefaultInstallationDirectory>/Applications/biosonix/BatReviewer/</DefaultInstallationDirectory>
   <ApplicationName>BatReviewer</ApplicationName>
   <ExecutableName>application/BatReviewer.exe</ExecutableName>
   <GUID>d9e33841-751c-49b0-80c6-3c8db1677255</GUID>
   <ApplicationIcon>icon_48.png</ApplicationIcon>
   <Logo>logo1763561869017925894.png</Logo>
   <Version>1.0</Version>
   <InstallationNotes>This application is distributed as a standalone executable that runs using the free MATLAB Runtime (MCR).
A MATLAB licence is not required.

During installation, the appropriate version of the MATLAB Runtime will be downloaded automatically (if using the web installer) or installed locally (if included in the package).
Please ensure you have a stable internet connection if using the web-based installer.

Once installed, the Bat Viewer can be launched like any standard desktop application.
No programming knowledge or command-line operation is required.

Supported platforms include Windows (64-bit) and macOS (Apple Silicon).

**Disclaimer**

Esperdyne Bat Viewer is provided under a CC BY 4.0 license.
It is intended for research, education, and outreach purposes.
While every effort has been made to ensure stability, the software is provided “as is,” without warranty of accuracy or suitability for regulatory, legal, or compliance-critical use.
Users assume full responsibility for interpretation of visualised or processed recordings</InstallationNotes>
   <AuthorOrganization>biosonix</AuthorOrganization>
   <Summary>About BatReviewer
BatReviewer is a lightweight tool for browsing, listening to, and organising field recordings of bat echolocation calls. I</Summary>
   <WelcomePanelText>BatReviewer 1.0
About BatReviewer
BatReviewer is a lightweight tool for browsing, listening to, and organising field recordings of bat echolocation calls. I

Use Disclaimer
BatReviewer is provided “as-is” and without any guarantee of accuracy, fitness for a particular purpose, or suitability for professional ecological or compliance-critical assessments.
It must not be used as the sole tool for species identification, regulatory reporting, or safety-critical decision making. Users assume full responsibility for interpretations of the displayed or processed data.

License Information
Unless otherwise stated, BatReviewer is released under the Creative Commons Attribution 4.0 International License (CC BY 4.0).
You are free to share, adapt, and build upon the software and generated outputs, provided that appropriate credit is given to the original author.

Data and Privacy Notice
BatReviewer processes audio files locally on your device and does not transmit or store data externally. Users are responsible for ensuring that any field recordings processed with this software comply with local regulations, permit requirements, and institutional data-handling policies.

Liability
The author is not liable for any direct or indirect damages arising from the use of this software, including but not limited to data loss, misinterpretation of results, or erroneous ecological conclusions.

Ravi Umadi</WelcomePanelText>
   <MCRProducts>
      <MCRProduct>
         <ExternalProductIdentifier>35000</ExternalProductIdentifier>
      </MCRProduct>
      <MCRProduct>
         <ExternalProductIdentifier>35002</ExternalProductIdentifier>
      </MCRProduct>
      <MCRProduct>
         <ExternalProductIdentifier>35003</ExternalProductIdentifier>
      </MCRProduct>
      <MCRProduct>
         <ExternalProductIdentifier>35010</ExternalProductIdentifier>
      </MCRProduct>
      <MCRProduct>
         <ExternalProductIdentifier>35108</ExternalProductIdentifier>
      </MCRProduct>
      <MCRProduct>
         <ExternalProductIdentifier>35124</ExternalProductIdentifier>
      </MCRProduct>
      <MCRProduct>
         <ExternalProductIdentifier>35180</ExternalProductIdentifier>
      </MCRProduct>
      <MCRProduct>
         <ExternalProductIdentifier>35251</ExternalProductIdentifier>
      </MCRProduct>
   </MCRProducts>
</ApplicationInstallerManifest>